Workbook

Sheet 전체 점수표
A1: 2026 한국 여자아이돌 체급 점수표
A2: 기준일 2026-09-15 · 국내음원 20 + 음반·팬덤 20 + 공연 20 + 글로벌 15 + 국내인지도 15 + 현재기세 10 = 100점 · ±2~3점은 사실상 동급으로 해석
A4: 순위 | B4: 그룹 | C4: 국내음원 (20) | D4: 음반·팬덤 (20) | E4: 공연 (20) | F4: 글로벌 (15) | G4: 국내인지도 (15) | H4: 현재기세 (10) | I4: 총점 | J4: 등급 | K4: 상태/분류 | L4: 평가 신뢰도 | M4: 대표 출처 | N4: 비고
A5: =RANK(I5,$I$5:$I$90,0) -> 1 | B5: BLACKPINK | C5: 18 | D5: 20 | E5: 20 | F5: 15 | G5: 15 | H5: 9 | I5: =SUM(C5:H5) -> 97 | J5: =IF(I5>=90,"S+",IF(I5>=80,"S",IF(I5>=70,"A+",IF(I5>=60,"A",IF(I5>=50,"B+",IF(I5>=40,"B",IF(I5>=30,"C+",IF(I5>=20,"C",IF(I5>=10,"D+","D"))))))))) -> S+ | K5: 현역 | L5: 높음 | M5: https://circlechart.kr/ | N5: 2026-09 공개 활동·차트·공연·인지도 자료를 동일 기준으로 상대평가
A6: =RANK(I6,$I$5:$I$90,0) -> 2 | B6: TWICE | C6: 14 | D6: 18 | E6: 20 | F6: 15 | G6: 15 | H6: 9 | I6: =SUM(C6:H6) -> 91 | J6: =IF(I6>=90,"S+",IF(I6>=80,"S",IF(I6>=70,"A+",IF(I6>=60,"A",IF(I6>=50,"B+",IF(I6>=40,"B",IF(I6>=30,"C+",IF(I6>=20,"C",IF(I6>=10,"D+","D"))))))))) -> S+ | K6: 현역 | L6: 높음 | M6: https://circlechart.kr/ | N6: 2026-09 공개 활동·차트·공연·인지도 자료를 동일 기준으로 상대평가
A7: =RANK(I7,$I$5:$I$90,0) -> 3 | B7: aespa | C7: 17 | D7: 18 | E7: 18 | F7: 14 | G7: 14 | H7: 7 | I7: =SUM(C7:H7) -> 88 | J7: =IF(I7>=90,"S+",IF(I7>=80,"S",IF(I7>=70,"A+",IF(I7>=60,"A",IF(I7>=50,"B+",IF(I7>=40,"B",IF(I7>=30,"C+",IF(I7>=20,"C",IF(I7>=10,"D+","D"))))))))) -> S | K7: 현역 | L7: 높음 | M7: https://circlechart.kr/ | N7: 2026-09 공개 활동·차트·공연·인지도 자료를 동일 기준으로 상대평가
A8: =RANK(I8,$I$5:$I$90,0) -> 4 | B8: IVE | C8: 19 | D8: 18 | E8: 15 | F8: 11 | G8: 15 | H8: 9 | I8: =SUM(C8:H8) -> 87 | J8: =IF(I8>=90,"S+",IF(I8>=80,"S",IF(I8>=70,"A+",IF(I8>=60,"A",IF(I8>=50,"B+",IF(I8>=40,"B",IF(I8>=30,"C+",IF(I8>=20,"C",IF(I8>=10,"D+","D"))))))))) -> S | K8: 현역 | L8: 높음 | M8: https://circlechart.kr/ | N8: 2026-09 공개 활동·차트·공연·인지도 자료를 동일 기준으로 상대평가
A9: =RANK(I9,$I$5:$I$90,0) -> 5 | B9: LE SSERAFIM | C9: 16 | D9: 15 | E9: 18 | F9: 15 | G9: 13 | H9: 9 | I9: =SUM(C9:H9) -> 86 | J9: =IF(I9>=90,"S+",IF(I9>=80,"S",IF(I9>=70,"A+",IF(I9>=60,"A",IF(I9>=50,"B+",IF(I9>=40,"B",IF(I9>=30,"C+",IF(I9>=20,"C",IF(I9>=10,"D+","D"))))))))) -> S | K9: 현역 | L9: 높음 | M9: https://circlechart.kr/ | N9: 2026-09 공개 활동·차트·공연·인지도 자료를 동일 기준으로 상대평가
A10: =RANK(I10,$I$5:$I$90,0) -> 6 | B10: i-dle | C10: 17 | D10: 16 | E10: 16 | F10: 13 | G10: 14 | H10: 8 | I10: =SUM(C10:H10) -> 84 | J10: =IF(I10>=90,"S+",IF(I10>=80,"S",IF(I10>=70,"A+",IF(I10>=60,"A",IF(I10>=50,"B+",IF(I10>=40,"B",IF(I10>=30,"C+",IF(I10>=20,"C",IF(I10>=10,"D+","D"))))))))) -> S | K10: 현역 | L10: 높음 | M10: https://circlechart.kr/ | N10: 2026-09 공개 활동·차트·공연·인지도 자료를 동일 기준으로 상대평가
A11: =RANK(I11,$I$5:$I$90,0) -> 7 | B11: BABYMONSTER | C11: 12 | D11: 17 | E11: 18 | F11: 14 | G11: 11 | H11: 7 | I11: =SUM(C11:H11) -> 79 | J11: =IF(I11>=90,"S+",IF(I11>=80,"S",IF(I11>=70,"A+",IF(I11>=60,"A",IF(I11>=50,"B+",IF(I11>=40,"B",IF(I11>=30,"C+",IF(I11>=20,"C",IF(I11>=10,"D+","D"))))))))) -> A+ | K11: 현역 | L11: 높음 | M11: https://circlechart.kr/ | N11: 2026-09 공개 활동·차트·공연·인지도 자료를 동일 기준으로 상대평가
A12: =RANK(I12,$I$5:$I$90,0) -> 8 | B12: NewJeans | C12: 19 | D12: 17 | E12: 7 | F12: 15 | G12: 15 | H12: 5 | I12: =SUM(C12:H12) -> 78 | J12: =IF(I12>=90,"S+",IF(I12>=80,"S",IF(I12>=70,"A+",IF(I12>=60,"A",IF(I12>=50,"B+",IF(I12>=40,"B",IF(I12>=30,"C+",IF(I12>=20,"C",IF(I12>=10,"D+","D"))))))))) -> A+ | K12: 특수상태/복귀 | L12: 높음 | M12: https://www.soompi.com/article/1856451wpp/watch-newjeans-announces-return-as-4-member-group-with-2026-summer-of-newjeans-films | N12: 2026-09 공개 활동·차트·공연·인지도 자료를 동일 기준으로 상대평가 · 일반 현역과 해석 주의
A13: =RANK(I13,$I$5:$I$90,0) -> 9 | B13: ILLIT | C13: 17 | D13: 14 | E13: 8 | F13: 14 | G13: 13 | H13: 10 | I13: =SUM(C13:H13) -> 76 | J13: =IF(I13>=90,"S+",IF(I13>=80,"S",IF(I13>=70,"A+",IF(I13>=60,"A",IF(I13>=50,"B+",IF(I13>=40,"B",IF(I13>=30,"C+",IF(I13>=20,"C",IF(I13>=10,"D+","D"))))))))) -> A+ | K13: 현역 | L13: 높음 | M13: https://circlechart.kr/ | N13: 2026-09 공개 활동·차트·공연·인지도 자료를 동일 기준으로 상대평가
A14: =RANK(I14,$I$5:$I$90,0) -> 10 | B14: NMIXX | C14: 17 | D14: 13 | E14: 15 | F14: 10 | G14: 11 | H14: 8 | I14: =SUM(C14:H14) -> 74 | J14: =IF(I14>=90,"S+",IF(I14>=80,"S",IF(I14>=70,"A+",IF(I14>=60,"A",IF(I14>=50,"B+",IF(I14>=40,"B",IF(I14>=30,"C+",IF(I14>=20,"C",IF(I14>=10,"D+","D"))))))))) -> A+ | K14: 현역 | L14: 높음 | M14: https://circlechart.kr/ | N14: 2026-09 공개 활동·차트·공연·인지도 자료를 동일 기준으로 상대평가
A15: =RANK(I15,$I$5:$I$90,0) -> 10 | B15: Red Velvet | C15: 14 | D15: 10 | E15: 14 | F15: 11 | G15: 15 | H15: 10 | I15: =SUM(C15:H15) -> 74 | J15: =IF(I15>=90,"S+",IF(I15>=80,"S",IF(I15>=70,"A+",IF(I15>=60,"A",IF(I15>=50,"B+",IF(I15>=40,"B",IF(I15>=30,"C+",IF(I15>=20,"C",IF(I15>=10,"D+","D"))))))))) -> A+ | K15: 현역/완전체 컴백 | L15: 높음 | M15: https://www.soompi.com/article/1852385wpp/watch-red-velvet-announces-comeback-date-with-1st-teaser-for-velvet-summer | N15: 2026-09 공개 활동·차트·공연·인지도 자료를 동일 기준으로 상대평가
A16: =RANK(I16,$I$5:$I$90,0) -> 12 | B16: Hearts2Hearts | C16: 19 | D16: 17 | E16: 7 | F16: 12 | G16: 10 | H16: 8 | I16: =SUM(C16:H16) -> 73 | J16: =IF(I16>=90,"S+",IF(I16>=80,"S",IF(I16>=70,"A+",IF(I16>=60,"A",IF(I16>=50,"B+",IF(I16>=40,"B",IF(I16>=30,"C+",IF(I16>=20,"C",IF(I16>=10,"D+","D"))))))))) -> A+ | K16: 현역 | L16: 높음 | M16: https://circlechart.kr/ | N16: 2026-09 공개 활동·차트·공연·인지도 자료를 동일 기준으로 상대평가
... A90: =RANK(I90,$I$5:$I$90,0) -> 86 | B90: dodree | C90: 2 | D90: 2 | E90: 1 | F90: 2 | G90: 4 | H90: 6 | I90: =SUM(C90:H90) -> 17 | J90: =IF(I90>=90,"S+",IF(I90>=80,"S",IF(I90>=70,"A+",IF(I90>=60,"A",IF(I90>=50,"B+",IF(I90>=40,"B",IF(I90>=30,"C+",IF(I90>=20,"C",IF(I90>=10,"D+","D"))))))))) -> D+ | K90: 2026 신인 | L90: 보통 | M90: https://circlechart.kr/ | N90: 2026-09 공개 활동·차트·공연·인지도 자료를 동일 기준으로 상대평가

Sheet 티어 요약
A1: 티어 요약 및 TOP 20
A3: 등급 | B3: 점수 구간 | C3: 그룹 수 | E3: 지표 | F3: 전체 평균
A4: S+ | B4: 90~100 | C4: =COUNTIF('전체 점수표'!$J$5:$J$90,A4) -> 2 | E4: 국내음원 | F4: =AVERAGE('전체 점수표'!C5:C90) -> 6.9883721
A5: S | B5: 80~89 | C5: =COUNTIF('전체 점수표'!$J$5:$J$90,A5) -> 4 | E5: 음반·팬덤 | F5: =AVERAGE('전체 점수표'!D5:D90) -> 6.5232558
A6: A+ | B6: 70~79 | C6: =COUNTIF('전체 점수표'!$J$5:$J$90,A6) -> 8 | E6: 공연 | F6: =AVERAGE('전체 점수표'!E5:E90) -> 7.1511628
A7: A | B7: 60~69 | C7: =COUNTIF('전체 점수표'!$J$5:$J$90,A7) -> 8 | E7: 글로벌 | F7: =AVERAGE('전체 점수표'!F5:F90) -> 6.8604651
A8: B+ | B8: 50~59 | C8: =COUNTIF('전체 점수표'!$J$5:$J$90,A8) -> 9 | E8: 국내인지도 | F8: =AVERAGE('전체 점수표'!G5:G90) -> 9.3953488
A9: B | B9: 40~49 | C9: =COUNTIF('전체 점수표'!$J$5:$J$90,A9) -> 12 | E9: 현재기세 | F9: =AVERAGE('전체 점수표'!H5:H90) -> 7.6744186
A10: C+ | B10: 30~39 | C10: =COUNTIF('전체 점수표'!$J$5:$J$90,A10) -> 14 | E10: 총점 | F10: =AVERAGE('전체 점수표'!I5:I90) -> 44.593023
A11: C | B11: 20~29 | C11: =COUNTIF('전체 점수표'!$J$5:$J$90,A11) -> 26
A12: D+ | B12: 10~19 | C12: =COUNTIF('전체 점수표'!$J$5:$J$90,A12) -> 3
A13: D | B13: 0~9 | C13: =COUNTIF('전체 점수표'!$J$5:$J$90,A13) -> 0
A16: 순위 | B16: 그룹 | C16: 총점
A17: 1 | B17: BLACKPINK | C17: 97
A18: 2 | B18: TWICE | C18: 91
A19: 3 | B19: aespa | C19: 88
A20: 4 | B20: IVE | C20: 87
A21: 5 | B21: LE SSERAFIM | C21: 86
A22: 6 | B22: i-dle | C22: 84
A23: 7 | B23: BABYMONSTER | C23: 79
A24: 8 | B24: NewJeans | C24: 78
A25: 9 | B25: ILLIT | C25: 76
A26: 10 | B26: NMIXX | C26: 74
A27: 11 | B27: Red Velvet | C27: 74
A28: 12 | B28: Hearts2Hearts | C28: 73
... A36: 20 | B36: RESCENE | C36: 63

Sheet 평가기준
A1: 평가기준
A3: 지표 | B3: 만점 | C3: 평가 내용 | D3: 해석
A4: 국내음원 | B4: 20 | C4: Circle 디지털/스트리밍, Melon 등 최근 히트 성적과 지속성 | D4: 한 곡 최고순위보다 최근 12개월의 반복성과 지속기간 중시
A5: 음반·팬덤 | B5: 20 | C5: 최근 앨범 판매, 2~3개 앨범 추이, 코어 팬덤 구매력 | D5: 초동 1회보다 유지력과 팬덤 폭을 함께 반영
A6: 공연 | B6: 20 | C6: 국내외 단독공연, 투어 규모, 공연장 급, 회차 | D6: 실제 유료 팬덤 체급을 강하게 반영
A7: 글로벌 | B7: 15 | C7: Spotify/글로벌 차트/해외 팬덤/투어 소비 | D7: 국내 인지도와 별개인 해외 소비력
A8: 국내인지도 | B8: 15 | C8: 그룹명·대표곡 인지도, 광고/방송/행사, 검색 관심 | D8: 일반 대중에게 알려진 정도
A9: 현재기세 | B9: 10 | C9: 최근 12개월 성장률, 컴백 성과, 활동 지속성 | D9: 신인 급상승·복귀·하락을 보정
A12: 등급 | B12: 총점 | C12: 해석
A13: S+ | B13: 90~100 | C13: 글로벌 최상위
A14: S | B14: 80~89 | C14: 최상위 메이저
A15: A+ | B15: 70~79 | C15: 대형/상위권
A16: A | B16: 60~69 | C16: 중상위권
A17: B+ | B17: 50~59 | C17: 확실한 팬덤·인지도
A18: B | B18: 40~49 | C18: 중위권
A19: C+ | B19: 30~39 | C19: 중소·라이징
A20: C | B20: 20~29 | C20: 소형 팬덤/신인
A21: D+ | B21: 10~19 | C21: 초신생·극소형
A22: D | B22: 0~9 | C22: 데이터 부족 또는 매우 초기
A25: 주의: 본 점수는 공식 단일 통계가 아니라 2026-09-15 시점 공개 차트·판매·공연·스트리밍·활동 자료를 동일 기준으로 정규화한 분석용 상대평가입니다. ±2~3점은 사실상 동급으로 보는 것이 적절합니다.

Sheet Sources
A1: 대표 참고 출처
A3: 분류 | B3: 출처 | C3: URL | D3: 활용
A4: 차트 | B4: Circle Chart | C4: https://circlechart.kr/ | D4: 국내 디지털/앨범 성과의 기본 참조
A5: 복귀/활동 | B5: Soompi - NewJeans 4인 복귀 | C5: https://www.soompi.com/article/1856451wpp/watch-newjeans-announces-return-as-4-member-group-with-2026-summer-of-newjeans-films | D5: NewJeans 상태
A6: 복귀/활동 | B6: Soompi - MAMAMOO 완전체 및 26도시 투어 | C6: https://www.soompi.com/article/1808654wpp/mamamoo-confirmed-to-return-with-full-group-album-in-june-2026-followed-by-26-city-world-tour | D6: MAMAMOO 공연/기세
A7: 투어 | B7: Soompi - fromis_9 아시아 투어 | C7: https://www.soompi.com/article/1858411wpp/fromis_9-announces-2026-asia-tour-tomorrow-glow | D7: fromis_9 공연
A8: 복귀 | B8: Soompi - Red Velvet 컴백 | C8: https://www.soompi.com/article/1852385wpp/watch-red-velvet-announces-comeback-date-with-1st-teaser-for-velvet-summer | D8: Red Velvet 기세
A9: 재결합 | B9: Soompi - I.O.I 활동 | C9: https://www.soompi.com/article/1853990wpp/watch-i-o-i-takes-4th-win-for-suddenly-on-inkigayo-performances-by-i-dle-yeonjun-babymonster-and-more | D9: I.O.I 복귀 성과
A10: 투어 | B10: Soompi - Apink 아시아 투어 | C10: https://www.soompi.com/article/1814913wpp/apink-announces-stops-for-2026-tour-the-origin-apink-in-asia | D10: Apink 공연
A11: 복귀 | B11: Soompi - EVERGLOW 새 소속사 컴백 | C11: https://www.soompi.com/article/1818880wpp/everglow-announces-comeback-date-for-return-under-new-agency | D11: EVERGLOW 활동
A12: 신인 | B12: Soompi - 2026년 9월 신인 브랜드 | C12: https://www.soompi.com/article/1867396wpp/september-rookie-idol-group-brand-reputation-rankings-announced-4 | D12: 신인 인지도/기세 보조자료
